,clean_text,class_types
0,so there be no way for me to plug it in here in the u unless go by converter,Unhappy
1,good case,Unhappy
2,great for the jawbone,Happy
3,tie to charger for conversation last more than 45 minutesmajor problem,Unhappy
4,the mic be great,Happy
5,i have to jiggle the plug to get it to line up right to get decent volume,Unhappy
6,if you have several dozen or several hundred contact,Unhappy
7,if you be razr owneryou must have this,Happy
8,needle to say,Unhappy
9,what waste of money and time,Unhappy
10,and the sound quality be great,Happy
11,he be very impress when go from the original battery to the extend battery,Happy
12,if the two be seperated by mere 5 ft start to notice excessive static and garble sound from the headset,Unhappy
13,very good quality though,Happy
14,the design be very odd,Unhappy
15,highly recommend for any one who have blue tooth phone,Happy
16,i advise everyone do not be fool,Unhappy
17,so far so good,Happy
18,work great,Happy
19,it click into place in way that make you wonder how long that mechanism would last,Unhappy
20,i go on motorolas website and follow all direction,Unhappy
21,i buy this to use with my kindle fire and absolutely love it,Happy
22,the commercial be the most mislead,Unhappy
23,i have yet to run this new battery below two bar and thats three day without charge,Happy
24,i buy it for my mother and she have problem with the battery,Unhappy
25,great pocket pc phone combination,Happy
26,ive own this phone for 7 month now and can say that it the best mobile phone ive have,Happy
27,i didnt think that the instruction provide be helpful to me,Unhappy
28,people couldnt hear me talk and have to pull out the earphone and talk on the phone,Unhappy
29,doesnt hold charge,Unhappy
30,this be simple little phone to use,Unhappy
31,this product be ideal for people like me whose ear be very sensitive,Happy
32,it be unusable in move car at freeway speed,Unhappy
33,i have two more year leave in this contract and hate this phone,Unhappy
34,car charger a well a ac charger be include to make sure you never run out of juicehighy recommend,Happy
35,you need at least 3 min to get to your phone book from the time you first turn on the phonebattery life be short,Unhappy
36,it have keep up very well,Happy
37,poor talk time performance,Unhappy
38,the case be great and work fine with the 68unhappy,Happy
39,worthless product,Unhappy
40,it have great camera thats 2mp,Happy
41,i be not impress by this product,Unhappy
42,nice headset price right,Happy
43,i only hear garbage for audio,Unhappy
44,excellent bluetooth headset,Happy
45,it have all the feature want,Happy
46,who in their right mind be gon na buy this battery,Unhappy
47,after argue with verizon regard the drop call we return the phone after two day,Unhappy
48,this case seem well make,Happy
49,disappoint with battery,Unhappy
50,not loud enough and doesnt turn on like it should,Unhappy
51,good protection and do not make phone too bulky,Happy
52,a usable keyboard actually turn pda into realworld useful machine instead of just neat gadget,Happy
53,this phone be pretty sturdy and ive never have any large problem with it,Happy
54,i love this thing,Happy
55,everything about it be fine and reasonable for the price ie,Happy
56,very disappoint,Unhappy
57,i even drop this phone into stream and it be submerge for happy5 second and it still work great,Happy
58,i have be very happy with the 5happyunhappy and have have no complaint from any one regard my sound quality on their end,Happy
59,the button for on and off be bad,Unhappy
60,essentially you can forget microsofts tech support,Unhappy
61,these headphone be great find and think they be perhaps the best purchase ive make in the last several year seriously,Happy
62,buy different phone but not this,Unhappy
63,you have to hold the phone at particular angle for the other party to hear you clearly,Unhappy
64,the one big drawback of the mp3 player be that the button on the phone front cover that let you pause and skip song lock out after few second,Unhappy
65,it feel more comfortable than most headset because wear glass and that get in the way sometimes,Happy
66,great for ipod too,Happy
67,this device be great in several situationshappy,Happy
68,mic doesnt work,Unhappy
69,great choice,Happy
70,nice dock station for home or work,Happy
71,this be beautiful phone,Happy
72,love this product,Happy
73,do not buy for d8unhappy7wrongly advertise for d8unhappy7,Unhappy
74,this be great little item,Happy
75,i purchase this and within 2 day it be no long work,Unhappy
76,i wear it everyday and it hold up very well,Happy
77,not good bargain,Unhappy
78,the battery run down quickly,Unhappy
79,the headset be easy to use and everyone love them,Happy
80,this phone work great,Happy
81,the construction of the headset be poor,Unhappy
82,product be excellent and work good than the verizon one and boy be it cheap,Happy
83,the phone load super,Happy
84,make very sturdy,Happy
85,work great,Happy
86,the ear bud only play music in one ear,Unhappy
87,dont waste your money,Unhappy
88,will order from them again,Happy
89,if you plan to use this in car forget about it,Unhappy
90,i find this product to be waaay too big,Unhappy
91,best ive find so far ive try 2 other bluetooths and this one have the best quality for both me and the listener a well a ease of use,Happy
92,im very disappoint with my decision,Unhappy
93,integrate seamlessly with the motorola razr phone,Happy
94,buyer beware,Unhappy
95,definitely bargain,Happy
96,the price be very good and with the free ship and all it be good purchase,Happy
97,i receive my supposedly new motorola 375 and apparently there be not match between the phone and the charger,Unhappy
98,prosgood camera very nice picture,Happy
99,i love my 35unhappy headset my jabra35unhappy bluetooth headset be great,Happy
100,the camera,Unhappy
101,i purcashed this for the car charger and it do not work,Unhappy
102,sound quality on both end be excellent,Happy
103,this phone be slim and light and the display be beautiful,Happy
104,it little geeky but think thats it sex on toast and it rock and ooze sex right down to it battery embed sleek stylish leather case,Happy
105,great product,Happy
106,absolutely great,Happy
107,the keyboard be nice compromise between full qwerty and the basic cell phone number keypad,Happy
108,i get this phone around the end of may and im completely unhappy with it,Unhappy
109,it be very comfortable on the ear,Happy
110,it have be winner for u,Happy
111,setup couldnt have be simple,Happy
112,ive try several different earpiece for my cell phone and this jabra one be the first one ive find that fit my ear comfortably,Happy
113,could not get strong enough signal,Unhappy
114,iam very please with my purchase,Happy
115,bad quality,Unhappy
116,get the job do,Happy
117,great audio,Happy
118,basically the service be very bad,Unhappy
119,it do not work in my cell phone plug be very up set with the charger,Unhappy
120,ive only have my bluetooth for few week,Happy
121,the bt headset be such disapoinment,Unhappy
122,it be so small and you dont even realize that it be there after while of get use to it,Happy
123,the accompany software be almost brilliant,Happy
124,headset work great be package nicely to avoid any damage,Happy
125,i definitly recommend,Happy
126,buyerbe very careful,Unhappy
127,the majority of the logitech earbud headset fail,Unhappy
128,very good stuff for the price,Happy
129,my headset work just peachykeen,Happy
130,in my house be get drop coverage upstairs and no coverage in my basement,Unhappy
131,voice recognition be tremendous,Happy
132,what waste,Unhappy
133,during several different 2 minute call,Unhappy
134,i be not happy with this item,Unhappy
135,very disappoint,Unhappy
136,the phone take forever to charge like 2 to 5 hour literally,Unhappy
137,i get this phone on reccomendation from relative and im glad do,Happy
138,what waste of time,Unhappy
139,it reception be very very poor,Unhappy
140,item state a include from the description be not include,Unhappy
141,after 3 month,Unhappy
142,i be hop for more,Unhappy
143,audio quality be poor,Unhappy
144,i have absolutely no problem with this headset link to my 853unhappy blackberry curve,Happy
145,i know that sound funny,Happy
146,ive buy 5 wire headphone that sound good than these,Unhappy
147,this phone be very fast with send any kind of message and web browse be significantly fast than previous phone have use,Happy
148,nice quality build,Happy
149,this item be fantastic and work perfectly,Happy
150,and just love the color,Happy
151,w8happyunhappyi be just superb,Happy
152,all can do be whine on the internet,Unhappy
153,great charger,Happy
154,this be essentially communication tool that do not communicate,Unhappy
155,work like charm,Happy
156,i still maintain that monkey shouldnt make headphone,Unhappy
157,great value,Happy
158,doesnt work at all bougth it for my l7c and it not work,Unhappy
159,the look of it be very sharp and the screen be nice and clear,Happy
160,doesnt last long,Unhappy
161,one thing hate be the mode set button at the side,Unhappy
162,excellent service,Happy
163,thank you for waste my money,Unhappy
164,how can that bethe audio quality be poor,Unhappy
165,the igo charger and tip be really great,Happy
166,the file browser offer all the option that one needshandsfree be great,Happy
167,superb phone on great network,Happy
168,i connect my wife bluetooth,Happy
169,i put the late o on it vhappyhappy5g,Unhappy
170,it only recognize the phone a it storage device,Unhappy
171,if you like loud buzz to override all your conversation,Unhappy
172,dont buy this product,Unhappy
173,ive have this bluetoooth headset for some time now and still not comfortable with the way it fit on the ear,Unhappy
174,the sound quality be good and functionality be awesome,Happy
175,i have this phone and it be thorn in my side,Unhappy
176,i recently have problem where could not stay connect for more than happyunhappy minute before be disconnect,Unhappy
177,incredible,Happy
178,design flaw,Unhappy
179,great phone,Happy
180,waste of happy3 buck,Unhappy
181,but when check voice mail at night,Unhappy
182,the replacement die in few week,Unhappy
183,any ring toneoverall good phone to buy,Happy
184,lately they have be extremely nice and helpful on the phone,Happy
185,i have have problem wit hit drop signal and more,Unhappy
186,not impress,Unhappy
187,youll love how thin it be,Happy
188,bad choice,Unhappy
189,the pleather case doesnt fit,Unhappy
190,all in all think it be good investment,Happy
191,it make very strange tick noise before it end the call,Unhappy
192,the best electronics of the available fm transmitter,Happy
193,battery last only few hour,Unhappy
194,great headset,Happy
195,the happy2 mega pixel camera,Happy
196,ive have this for nearly 2 year and it have work great for me,Happy
197,good transmit audio,Happy
198,we be send it back,Unhappy
199,i do not bother contact the company for few dollar product but learn the lesson that should not have buy this form online anyway,Unhappy
200,if you hate earbugs,Unhappy
201,great price also,Happy
202,the range be very decent,Happy
203,fast service,Happy
204,i would highly recommend this,Happy
205,i would recommend this,Happy
206,i also didnt like the on button,Unhappy
207,bad phone ever,Unhappy
208,im still infatuate with this phone,Happy
209,freeze frequently4,Unhappy
210,it kind of embarrass to use because of how it look and mostly it embarrass how childlike the company be,Unhappy
211,simple,Happy
212,all in all,Unhappy
213,there horrible tick sound in the background on all my call that have never experience before,Unhappy
214,these be certainly very comfortable and functionality be decent,Happy
215,i usually dont like headband but this one be very lightweight doesnt mess up my hair,Happy
216,im bite disappoint,Unhappy
217,i have have this phone for over year now,Unhappy
218,i order this for sony ericsson w8happyunhappyi but think it only work once thats when first use it,Unhappy
219,the battery be completely useless to me,Unhappy
220,what big waste of time,Unhappy
221,dont waste your on this one,Unhappy
222,great sound and service,Happy
223,really please with this product so far,Happy
224,one of my favorite purchase ever,Happy
225,best bluetooth on the market,Happy
226,authentic leather with nice shine and comfort recommend you this case,Happy
227,i be very excite to get this headset because think it be really cute,Happy
228,do not make the same mistake a me,Unhappy
229,big disappointment with calendar sync,Unhappy
230,the phone be unusable and be not new,Unhappy
231,bad customer service ever,Unhappy
232,no additional ear gel provide,Unhappy
233,it defeat the purpose of bluetooth headset,Unhappy
234,worth every penny,Happy
235,excellent wallet type phone case,Happy
236,nice headphone for the price and they work great,Happy
237,internet be excrutiatingly slow,Unhappy
238,it be very comfortable to wear a well,Happy
239,it fit like glove and be strong,Happy
240,o my gosh the best phone have ever have,Happy
241,it very attractive and appear to be of good quality,Happy
242,i love all the feature and form factor,Happy
243,this product have strong rubberpetroleum smell that be unbearable after while and cause me to return it,Unhappy
244,poor quality and service,Unhappy
245,the cable look so thin and flimsy,Unhappy
246,great earpiece,Happy
247,excellent hand free tool,Happy
248,great for use with your home stereo,Happy
249,good product incredible value,Happy
250,only have this month but it work flawlessly so far,Happy
251,work great,Happy
252,absolutel junk,Unhappy
253,that one didnt work either,Unhappy
254,battery life be real good,Happy
255,return 8 hour late,Unhappy
256,it great item,Happy
257,dont waste your money,Unhappy
258,love this headset,Happy
259,not only will it drain your player,Unhappy
260,work perfectly,Happy
261,unreliable im give up,Unhappy
262,i give it 5 star because of the sound quality,Happy
263,avoid this one if you can,Unhappy
264,reversible plug work great,Happy
265,i waste my little money with this earpiece,Unhappy
266,very good phone,Happy
267,best of all be the rotate feature,Happy
268,comfort for our whole family,Happy
269,good product,Happy
270,i love this bluetooth,Happy
271,first of all,Unhappy
272,i be very impress with this headset from plantronics,Happy
273,i get it because it be so small and adorable,Happy
274,great phone,Happy
275,i wouldnt recommend buy this product,Unhappy
276,piece of junk,Unhappy
277,poorly contstruct hinge,Unhappy
278,this item be great,Happy
279,great phone,Happy
280,dont buy it,Unhappy
281,excellent phone,Happy
282,do not purchase this phone,Unhappy
283,the voice recognition thru the handset be excellent,Happy
284,this be hand down the best phone ive ever have,Happy
285,work great,Happy
286,this one work and be price right,Happy
287,customer service be terrible,Unhappy
288,battery life still not long enough in motorola razor v3i,Unhappy
289,send it back,Unhappy
290,now know that make wise decision,Happy
291,someone shouldve invent this sooner,Happy
292,good price,Happy
293,everything work on the first trythe device be certainly engineer in clever way and the construction feel good,Happy
294,i receive it quickly and it work great,Happy
295,have be work great,Happy
296,a many people complain,Unhappy
297,my 5year old nokia 2happy6unhappy from tracfone hold the charge lot good than this,Unhappy
298,they do not care about the consumer one bite,Unhappy
299,this be good battery,Happy
300,the instruction manual be lack,Unhappy
301,also it slim enough to fit into my alarm clock dock station without remove the case,Happy
302,phone now hold charge like it do when it be new,Happy
303,the battery be unreliable a well a the service use antena,Unhappy
304,it uncomfortable and the sound quality be quite poor compare with the phone razr or with my previous wire headset that plug into an lg,Unhappy
305,we have get lot of compliment on it,Happy
306,this be definitely must have if your state do not allow cell phone usage while drive,Happy
307,i want my money back,Unhappy
308,i love this device,Happy
309,i be also very happy with the price,Happy
310,i order this product first and be unhappy with it immediately,Unhappy
311,the ngage be still lack in earbuds,Unhappy
312,i be able to do voice dial in the car with no problem,Happy
313,i have 23 bar on my cell phone when be home,Unhappy
314,good item,Happy
315,howeverthe riingtones be not the best,Unhappy
316,the plug do not work very well,Unhappy
317,amazon suck,Unhappy
318,rip off over charge ship,Unhappy
319,very comfortable,Happy
320,the battery be work well a replacement for the original that come with the phone over 2 year ago,Happy
321,the reception be excellent,Happy
322,it fit comfortably in either ear,Happy
323,very clear,Happy
324,happy long last battery you dont have to recharge it a frequentyly a some of the flip phones2,Unhappy
325,obviously there be problem with the adhesive,Unhappy
326,very disappoint,Unhappy
327,it be an inexpensive piece,Unhappy
328,it be practically useless and do not add any kind of boost to my reception after buy it,Unhappy
329,excellent sound quality,Happy
330,be not happy,Unhappy
331,a piece of junk that break after be on my phone for 2 day,Unhappy
332,new battery work great in phone,Happy
333,bad customer service,Unhappy
334,ive drop my phone more time than can say,Happy
335,reception be terrible and full of static,Unhappy
336,good audio quality,Happy
337,this little device have transform my organizational capability and make my life whole lot easy,Happy
338,i be sit in my vehicle,Unhappy
339,be jerk on the phone,Unhappy
340,work like charm work a advertise,Happy
341,comfortable,Happy
342,their network coverage in los angeles be horrible,Unhappy
343,excellent starter wireless headset,Unhappy
344,the loudspeaker option be great,Unhappy
345,the only thing that think could improve be the sound leak out from the headset,Unhappy
346,first off the reception suck,Unhappy
347,the phone get extremely hot,Unhappy
348,the microphone also work well,Happy
349,nice design and quality,Happy
350,also,Unhappy
351,it be light,Happy
352,bad fit,Unhappy
353,it definitely be not a good a my shappy,Happy
354,awesome device,Happy
355,waste of money,Unhappy
356,i have order motorola data cable,Happy
357,love this phone,Happy
358,i be look for this headset for long time and now that ive get it couldnt be happy,Happy
359,ill be drivng along,Unhappy
360,display be excellent and camera be a good a any from that year,Happy
361,battery life be also great,Happy
362,the bad phone ive ever have only have it for few month,Unhappy
363,not good item it work for while then start have problem in my auto reverse tape player,Unhappy
364,this be so embarassing and also my ear hurt if try to push the ear plug into my ear,Unhappy
365,protect the phone on all side,Happy
366,this be very average phone with bad battery life that operate on weak network,Unhappy
367,clear skype call,Happy
368,soyo technology suck,Unhappy
369,great hand free device,Happy
370,you can even take self portrait with the outside exterior display,Happy
371,same problem a others have mention,Unhappy
372,after try many many handsfree gadget this be the one that finally work well,Happy
373,magical help,Happy
374,the bad piece of crap ever along with the verizon customer service,Unhappy
375,poor sound quality,Unhappy
376,the best phone in market,Happy
377,it work very well,Happy
378,the company ship my product very promptly and it work well,Happy
379,exactly what want,Happy
380,the picture resolution be far below what other comparablypriced phone be offer today,Unhappy
381,this be great deal,Happy
382,excellent product,Happy
383,i highly recommend these and encourage people to give them try,Happy
384,good than youd expect,Happy
385,use all earpiece,Unhappy
386,great product and price,Happy
387,sound good reasonably price and effective,Happy
388,still wait im sure this item would work well if ever recieve it,Unhappy
389,what disappointment,Unhappy
390,very prompt service,Happy
391,excellent product for the price,Happy
392,very please with this headset,Happy
393,dont waste your money and time,Unhappy
394,i especially love the long battery life,Happy
395,it so stupid to have to keep buy new charger,Unhappy
396,work great,Happy
397,plantronics bluetooth excelent buy,Happy
398,i come over from verizon because cingulair have nice cell phone the first thing notice be the really bad service,Unhappy
399,ill be look for new earpiece,Unhappy
400,i highly recommend this device to everyone,Happy
401,jawbone era be awesome too,Happy
402,we receive white color battery that go dead after couple hoursthe original use to last week but still last long than thereplacement,Unhappy
403,after year the battery go completely dead on my headset,Unhappy
404,i have use several phone in two year,Happy
405,an awesome new look for fall 2unhappyunhappyunhappy,Happy
406,this be the first phone ive have that have be so cheaply make,Unhappy
407,att be not clear,Unhappy
408,the plastic break really easy on this clip,Unhappy
409,price be good too,Happy
410,dont make the same mistake do,Unhappy
411,oh and forget to also mention the weird color effect it have on your phone,Unhappy
412,im use it with an iriver spinn with case and it fit fine,Happy
413,also the area where my unit break im not too fond of the magnetic strap,Unhappy
414,overall,Happy
415,every thing on phone work perfectly,Happy
416,it really easy,Happy
417,my sanyo have survive dozen of drop on blacktop without ill effect,Happy
418,fantastic earphone,Happy
419,it find my cell phone right away when enter the car,Happy
420,low quality,Unhappy
421,i highly recommend this modest price cellular phone,Happy
422,but it do get good reception and clarity than any phone ive have before,Happy
423,warn stay away,Unhappy
424,i wish could return the unit and get back my money,Unhappy
425,awsome device work great,Happy
426,i use to talk on it for happy happy happy2 hour and the battery would be literally drain and die,Unhappy
427,if you dont find it,Unhappy
428,very displease,Unhappy
429,i might have get defect,Unhappy
430,they make this case too small and be very difficult to install,Unhappy
431,restore my phone to like new performance,Happy
432,i would recommend purchase the jabra jxhappyunhappy series 2 which work flawlessly with my moto q,Happy
433,i search the internet,Happy
434,do not fit,Unhappy
435,very happy with this product,Happy
436,the screen size be big,Happy
437,there really nothing bad can say about this headset,Unhappy
438,im glad find this product on amazon it be hard to find,Happy
439,portable and it work,Happy
440,my colleague now get great receptiona little expensive,Happy
441,i even fully charge it before go to bed and turn off blue tooth and wifi and notice that it only have 2unhappy leave in the morning,Unhappy
442,ive also have problem with the phone read the memory card in which always turn it on and then off again,Unhappy
443,not good when wear hat or sunglass,Unhappy
444,timely shipment and quality product,Happy
445,nice solid keyboard,Happy
446,very well make and fit my surefire gx2 perfectly,Happy
447,horrible phone,Unhappy
448,bt5unhappy battery junk,Unhappy
449,we would recommend these to others,Happy
450,cant get the software to work with my computer,Unhappy
451,disappoint,Unhappy
452,poor voice clarity,Unhappy
453,the battery work great,Happy
454,no buyer remorse on this one,Unhappy
455,very disappoint in accessoryone,Unhappy
456,i find this inexcusable and so will probably be return this phone and perhaps change carrier,Unhappy
457,look great and be strong,Happy
458,i have have tmobile service for 2 or 3 year now,Happy
459,the update procedure be difficult and cumbersome,Unhappy
460,disappointment hate anything that go in my ear,Unhappy
461,great software for motorolas,Happy
462,the delivery be on time,Happy
463,very easy to use,Happy
464,uncomfortable in the ear,Unhappy
465,the volume switch rocket out of the unit to destination unknown,Unhappy
466,it hold charge for long time,Happy
467,id like to return it,Unhappy
468,the keyboard be really worthwhile in usefulness and be sturdy enough dont expect any problem,Happy
469,verizons bill,Unhappy
470,after charge overnight,Happy
471,you wont regret it,Happy
472,i love this phone,Happy
473,a disappointment,Unhappy
474,it not user friendly,Unhappy
475,unfortunately the ability to actually know you be receive call be rather important feature and this phone be pitiful in that respect,Unhappy
476,then exchange for the same phone,Unhappy
477,this result in the phone be either stick at max volume or mute,Unhappy
478,this pda rock,Happy
479,it be super charge up for use a small hybrid palmtopcameracellphone,Happy
480,i would definitely recommend the jabra bt25unhappyv for those who be look for comfort,Happy
481,i have verizon 2 year ago and really like their service,Happy
482,pretty piece of junk,Unhappy
483,plug be the wrong size,Unhappy
484,work a describe,Happy
485,save your money ive have this item for happy month now,Unhappy
486,bad purchase,Unhappy
487,well im satisfy,Happy
488,the bose noise cancel be amaze,Happy
489,this battery be an excellent bargain,Happy
490,defective crap,Unhappy
491,i would have give no star if be able,Unhappy
492,i wear glass and it fit fine with them,Happy
493,the sound quality for the device be unacceptableunless you be in really quiet area,Unhappy
494,i would not recommend this item to anyone,Unhappy
495,the holster that arrive do not match the photo in the ad,Unhappy
496,greatno problem at all,Happy
497,a an early review note,Unhappy
498,this frog phone charm be adorable and very eye catch,Happy
499,you never know if you push it hard enough or the right number of time for the function you want or not,Unhappy
500,the sound be clear and the people talk to on it be amaze at the quality too,Happy
501,i get the aluminum case for my new palm vx and it work really wellit have protect my handheld perfectly so far,Happy
502,very good product,Happy
503,mobile phone tool be must have,Happy
504,i be very impress with the job that motorola do on the sturdiness of this phone,Happy
505,i receive my order well within the ship timeframe,Happy
506,the phone be sturdy and waterproof,Happy
507,i be not impress with this and would not recommend this item to anyone,Unhappy
508,my only complaint be the standard sound volume be little low even when turn up to 5of 5,Unhappy
509,thank again to amazon for have the thing need for good price,Happy
510,i end up slide it on the edge of my pant or back pocket instead,Happy
511,i have to go to store and buy new nokia phone which be work great,Happy
512,work great,Happy
513,really ugly,Unhappy
514,horrible,Unhappy
515,the noise shield be incrediable,Happy
516,no real improvement,Unhappy
517,razr battery good buy,Happy
518,keep up the good work amazon,Happy
519,they refuse to refund or replace,Unhappy
520,unfortunately it easy to accidentally activate them with the gentletouch button if you accidentally touch the phone to your face while listen,Unhappy
521,so basically throw my money out the window for nothing,Unhappy
522,great case and price,Happy
523,all it take be one drop from about 6 inch above the kitchen counter and it be crackedi be not impress and be not laugh,Unhappy
524,bluetooth range be good few day ago leave my phone in the trunk,Happy
525,small,Happy
526,the eargels channel the sound directly into your ear and seem to increase the sound volume and clarity,Happy
527,none of the new one have ever quite work properly,Unhappy
528,i be glad purchase it,Happy
529,ive miss numerous call because of this reason,Unhappy
530,perhaps my phone be defective,Unhappy
531,dont buy this product,Unhappy
532,suck,Unhappy
533,no shift,Happy
534,bad software ever use if could give this zero star would,Unhappy
535,try to make call on these be an exercise in frustration,Unhappy
536,the case be flimsy piece of plastic and have no front or side protection whatsoever,Unhappy
537,i own jabra earset and be very happy with it,Happy
538,i love the camera,Happy
539,thank you for such great service,Happy
540,it total package,Happy
541,the seller be very understand and patient,Happy
542,i give wirefly happy stari will contact cingularatt,Unhappy
543,it aggravate,Unhappy
544,great product for the price,Happy
545,i have purchase these for both family and friend,Happy
546,virgin wireless rock and so do this cheap little phone,Happy
547,none of it work,Unhappy
548,muddy,Happy
549,please dont waste your money,Unhappy
550,all in all,Happy
551,if you be look for good quality motorola headset keep look,Unhappy
552,yet plantronincs continue to use the same flaw charger design,Unhappy
553,disapointing result,Unhappy
554,cumbersome design,Unhappy
555,great it be new package nice work good,Happy
556,great product,Happy
557,it piece of crap,Unhappy
558,my experience be terrible this be my fourth bluetooth headset,Unhappy
559,this fix all the problem,Happy
560,bad ever,Unhappy
561,i be very happy,Happy
562,ive have no trouble access the internet,Happy
563,i can barely ever hear on it and be constantly say what,Unhappy
564,the battery life be highly unacceptable,Unhappy
565,that company be joke,Unhappy
566,it do everything the description say it would,Happy
567,due to this happen on every call be force to stop use this headset,Unhappy
568,it work great with car charger,Happy
569,verizon tech support walk my through few procedure,Unhappy
570,voice quality,Unhappy
571,it play loud than any other speaker of this size,Happy
572,good than expect,Happy
573,it feel poorly construct,Unhappy
574,battery be hold up well,Happy
575,also difficult to put onid recommend avoid this product,Unhappy
576,i only use it two day,Unhappy
577,i get the car charger and not even after week the charger be brokeni go to plug it in and it start smoke,Unhappy
578,sprint terrible customer service,Unhappy
579,link to my phone without effort,Happy
580,they be so cool,Happy
581,easy to use,Happy
582,good than new,Happy
583,what possesed me to get this junk,Unhappy
584,piece of trash,Unhappy
585,a pretty good product,Happy
586,this be great phone,Happy
587,for the price on amazon,Happy
588,their research and development division obviously know what theyre do,Happy
589,the real killer be the volume,Unhappy
590,those phone be work just fine now,Happy
591,i be more than happy with this product,Happy
592,poor construction,Unhappy
593,this be infuriate,Unhappy
594,overall,Happy
595,sprint charge for this service,Unhappy
596,it be cheap,Unhappy
597,it fit my ear well and be comfortable on,Happy
598,it doesnt work in europe or asia,Unhappy
599,clip this to your belt will deffinitely make you feel like 5unhappy cent upandcoming,Happy
600,i like design and look of jabra behing the ear headset and 5unhappy2unhappy be pretty comfortible to wear 24 hour day without pain in the ear,Happy
601,i be amaze at the quick arrival of the two original lg cell phone battery and and at fraction of the price,Happy
602,the bad phone from samsungcrap this crappy samsung e7happy5 be the bad have ever seeen,Unhappy
603,the charger work for about week and then completely stop charge my phone,Unhappy
604,poor product,Unhappy
605,however need some good instruction,Unhappy
606,you need two hand to operate the screenthis software interface be decade old and can not compete with new software design,Unhappy
607,work very well pair with treo 7unhappyunhappyw and a skype headset on my pc use usb bluetooth transceiver,Happy
608,steer clear of this product and go with the genuine palm replacementr pen,Unhappy
609,do not buy do not buyit suck,Unhappy
610,this be great product sure beat use your finger,Happy
611,plus,Unhappy
612,all the other case ive try normally fall apart after few month but this one seem to be in for the long haul,Happy
613,very dissapointing performance,Unhappy
614,dont make the same mistake that do and please dont buy this phone,Unhappy
615,this phone might well be the bad ive ever have in any brand,Unhappy
616,case be more or le an extra that originally put on but late discard because it scratch my ear,Unhappy
617,i recommend igo to anyone with different brand cell phonesmp3 player in the family,Happy
618,dont bother go to the store,Unhappy
619,i do not have any problem with this item and would order it again if need,Happy
620,you get what you pay for guess,Unhappy
621,im surprise this be good quality car charger and there not much review about it,Happy
622,these be fabulous,Happy
623,i use bitpim free program you can find on the internetto transfer data to the phonethe price of the cable be excellent,Happy
624,disappoint accessory from good manufacturer,Unhappy
625,very windresistant,Happy
626,linksys should have some way to exchange bad phone for refurb unit or something,Unhappy
627,phone be sturdy a all nokia bar phone be,Happy
628,great phone,Happy
629,im please,Happy
630,battery be terrible,Unhappy
631,i find the product to be easy to set up and use,Happy
632,the earpiece on this be too large or too heavyit keep fall out of my ear,Unhappy
633,utter crap sound quality be terrible,Unhappy
634,talk about useless customer service,Unhappy
635,it felt too light and tinny,Unhappy
636,this do not fit the palm tungsten e2 and it break the first time try to plug it in,Unhappy
637,im happy about this purchase good quality and low price,Happy
638,i love the look and feel of samsung flipphones,Happy
639,it welldesigned and very sharp the blue be very nice color,Happy
640,do everything it should and more,Happy
641,i could not recommend these more,Unhappy
642,nice sound,Happy
643,much le than the jawbone be go to replace it with,Happy
644,setup go very smoothly,Happy
645,it extremely slow and take forever to do anything with it,Unhappy
646,a must study for anyone interest in the bad sin of industrial design,Unhappy
647,the first thing that happen be that the track be off,Unhappy
648,then have to continue pair it periodically since it somehow keep drop,Unhappy
649,cant upload ringtones from third party,Unhappy
650,truly awful,Unhappy
651,the volume for the ringer be real good you have choice how loud,Happy
652,and none of the tone be acceptable,Unhappy
653,camera color balance be awful,Unhappy
654,i love the ringtones because they be so upbeat,Happy
655,chinese forgery abound,Unhappy
656,easy to pair with my samsung cell,Happy
657,the instruction didnt explain that microphone jack could be use,Unhappy
658,i would advise to not purchase this item it never work very well,Unhappy
659,too bad you have to pay up to month for the service,Unhappy
660,work well,Happy
661,the nokia ca42 usb cable do not work with my phone,Unhappy
662,clear crisp sound,Happy
663,the design might be ergonomic in theory but could not stand have these in my ear,Unhappy
664,do not buy if you want to use the holster,Unhappy
665,the phone can also take great picture and even video clip,Happy
666,it doesnt make you look cool,Unhappy
667,you cant beat the price on these,Happy
668,lightweight and work well,Happy
669,so just beware,Unhappy
670,i love this cable it allow me to connect any miniusb device to my pc,Happy
671,so anyone near you will hear part of your conversation,Unhappy
672,this be cool because most case be just open there allow the screen to get all scratch up,Happy
673,i buy this phone a replacement for my startac and have regret it since,Unhappy
674,appear to actually outperform the original battery from china that come with my v325i,Happy
675,cant store anything but phone number to sim,Unhappy
676,poor quality,Unhappy
677,jabra ear gel the best,Happy
678,not worth it,Unhappy
679,the phone crash completely and now have to get it replace,Unhappy
680,it be great phone,Happy
681,if you simply want small flip phone look elsewhere a the extra bell whistle be mediocre,Unhappy
682,my phone doesnt slide around my car now and the grip prevent my phone from slip out of my hand,Happy
683,this be simply the best bluetooth headset for sound quality,Happy
684,think it over when you plan to own this onethis sure be the last moto phone for me,Unhappy
685,i have always use cord headset and the freedom from the wireless be very helpful,Happy
686,it have everything need and couldnt ask for more,Happy
687,after receive and use the product for just 2 day it break,Unhappy
688,this product be great it make work lot easy can go to the copier while wait on hold for something,Happy
689,none of the three size they send with the headset would stay in my ear,Unhappy
690,tmobile have the best customer service anywhere,Happy
691,arrive quickly and much le expensive than others be sell,Happy
692,we have try 2 unit and they both fail within 2 month pro,Unhappy
693,krussel always good,Happy
694,the design be very good4,Happy
695,i great reception all the time,Happy
696,i would highly recommend this product,Happy
697,it dit not work most of the time with my nokia 532unhappy,Unhappy
698,fantastic buy and will get again for whatever my next phone be,Happy
699,this blueant supertooth handsfree phone speaker be awesome,Happy
700,do not fit,Unhappy
701,item arrive quickly and work great with my metro pc samsung schr45unhappy slider phone and sony premium sound in ear plug,Happy
702,disappoint,Unhappy
703,blue ant be easy to use,Happy
704,cheap but hey it work be pleasantly suprised give the low cost of this item,Happy
705,the camera on the phone may be use a dustpan when indoors id rather be use disposable then this,Unhappy
706,then few day late the puff of smoke come out of the phone while in use,Unhappy
707,it very convenient and simple to use get job do make the car ride so much smooth,Happy
708,the nano state itmy son be dissapointed,Unhappy
709,the sound quality be excellent a well,Happy
710,it the best headset have use,Happy
711,would not reccommend,Unhappy
712,they have be around for year and carry the high quality of antiglare screen protector that have find to date,Happy
713,just what want,Happy
714,this particular model would not work with my motorola smartphone,Unhappy
715,wont work right or atleast for me,Unhappy
716,but now that it be out of warranty the same problem reoccurebottom line put your money somewhere else cingular will not support it,Unhappy
717,great product,Happy
718,crisp and clear,Happy
719,after the first charge keep go dead after happy2 minute,Unhappy
720,the reception have be generally good,Happy
721,great bluetooth,Happy
722,i highly recommend this case,Happy
723,worthwhile,Happy
724,this be great deal,Happy
725,i be sorry make this purchase,Unhappy
726,i buy these hop could make my bluetooth headset fit good but these thing make it impossible to wear,Unhappy
727,treo and tmobile refuse to replace it again and force me to buy another phone without any kind of upgrade discount,Unhappy
728,it be horrible,Unhappy
729,i dont think it would hold it too securly on your belt,Unhappy
730,this allow the possibility of double book for the same date and time after the first,Unhappy
731,they work about 2 week then break,Unhappy
732,it be simple to use and like it,Happy
733,i cant use this case because the smell be disgust,Unhappy
734,not what want,Unhappy
735,i own 2 of these case and would order another,Happy
736,great phone,Happy
737,i buy this battery with coupon from amazon and im very happy with my purchase,Happy
738,perfect for the ps3,Happy
739,a good quality bargain buy this after buy cheapy from big lot that sound awful and people on the other end couldnt hear me,Happy
740,5unhappy down the drain,Unhappy
741,i try talk real loud but shout on the telephone get old and be still tell it wasnt great,Unhappy
742,for the price this be great deal,Happy
743,yes it shiny on front side and love it,Happy
744,do not work,Unhappy
745,the reception through this headset be excellent,Happy
746,2 thumb up to this seller,Happy
747,improper description have to return it,Unhappy
748,happy it work 2 it be comfortable,Happy
749,battery chargelife be quite long,Happy
750,the jabra eargels fit my ear very well,Happy
751,battery have no life,Unhappy
752,i check everywhere and there be no feature for it which be really disappoint,Unhappy
753,product be exactly a describe,Happy
754,get signal when other verizon phone wont,Happy
755,doesnt do the job,Unhappy
756,i would recommend it,Happy
757,plan on order from them again and again,Happy
758,i have be very satisfy with this cell phone from day one,Happy
759,they keep get good and good this be my third one and ive have numerous palm too,Happy
760,awkward to use and unreliable,Unhappy
761,the ship time be also very quick,Happy
762,not a good a have hop,Unhappy
763,good case,Happy
764,doesnt work,Unhappy
765,really good product,Happy
766,unfortunately it do not work,Unhappy
767,all three break within two month of use,Unhappy
768,dont buy it,Unhappy
769,i dont like this nokia either,Unhappy
770,i have buy this nokia cell phone few week ago and it be nightmare,Unhappy
771,it would take too long to describe how bad my customer service experience have be with amazon,Unhappy
772,the only very disappoint thing be there be no speakerphone,Unhappy
773,terrible my car will not accept this cassette,Unhappy
774,it not what it say it be,Unhappy
775,stay away from the q,Unhappy
776,use and dirty,Unhappy
777,very unreliable service from tmobile,Unhappy
778,not good enough for the price,Unhappy
779,i buy two of them and neither will charge,Unhappy
780,it look very nice,Happy
781,i have read others review here but havent have any problem with it,Happy
782,these product cover up the important light sensor above the ear outlet,Unhappy
783,comfortable in my hand,Happy
784,just do not work,Unhappy
785,poor reliability,Unhappy
786,it work,Happy
787,last time buy from you,Unhappy
788,it be waste of my money,Unhappy
789,so far it have work like charm,Happy
790,would recommend this item,Happy
791,the item receive be counterfeit,Unhappy
792,work fine,Happy
793,i receive my headset in good time and be happy with it,Happy
794,i be very please to see that could replace my well travled swivel holster for my blackberry flip,Happy
795,my sister have one also and she love it,Happy
796,good quality,Happy
797,this be by far the bad purchase ive make on amazon,Unhappy
798,excellent dualpurpose headset,Happy
799,excellent,Happy
800,do not work for listen to music with the cingular 8happy25,Unhappy
801,have trouble with volume,Unhappy
802,the only good thing be that it fit comfortably on small ear,Happy
803,warn do not buy,Unhappy
804,best headset ever,Happy
805,dont trust their website and dont expect any helpful support,Unhappy
806,it be that loudglad to say that the plantronics 5happyunhappy maintain flawless connection to my cell and with no static during normal use,Happy
807,the speaker be of low quality so a make the ring tone sound very cheap,Unhappy
808,excellent product for the price,Happy
809,bad reception,Unhappy
810,this product be very high quality chinese crap,Unhappy
811,it be quite comfortable in the ear,Happy
812,great phone,Happy
813,dont buy this product it fail,Unhappy
814,everything about this product be wrongfirst,Unhappy
815,the pair of the two device be so easy it barely take couple minute before start make call with the voice dial feature,Happy
816,terrible phone holder,Unhappy
817,the cutout and button be place perfectly,Happy
818,i love be able to use one headset for both by landline and cell,Happy
819,problem be that the ear loop be make of weak material and break easily,Unhappy
820,not nearly a good look a the amazon picture make it look,Unhappy
821,how stupid be that,Unhappy
822,seller ship quickly and much cheap than the competitor,Happy
823,so buy about happyunhappy of these and save alot of money,Happy
824,it always cut out and make beep beep beep sound then say signal fail,Unhappy
825,couldnt figure it out,Unhappy
826,so have to take the battery out of the phone put it all back together and then restart it,Unhappy
827,leopard print be wonderfully wild,Happy
828,work for me,Happy
829,much good than the hard plastic case,Happy
830,it also have new problem,Unhappy
831,happy so far,Happy
832,cool phone,Happy
833,work good,Happy
834,motorola finally get the voice quality of bluetooth headset right,Happy
835,it loose connection to the phone even when it be within couple foot between the two,Unhappy
836,make it easy to keep up with my bluetooth when im not wear it,Unhappy
837,a say abovepretty useless,Unhappy
838,never get it,Unhappy
839,this pair of headphone be the bad that have ever have soundwise,Unhappy
840,down the drain because of weak snap,Unhappy
841,do not charge the cingular att 8525 phone,Unhappy
842,you get extra minute so that you can carry out the call and not get cut off,Happy
843,i keep catch the cable on the seat and have to pull the phone out to turn it on an off,Unhappy
844,the headset fulfill my requirement so be happy with my purchase,Happy
845,logitech bluetooth headset be happyunhappy,Happy
846,a lot of website have be rat this very good phone and so do i,Happy
847,i have try these cable with my computer and my ipod and it work just fine,Happy
848,im return them,Unhappy
849,i do not maintain connection with the computer while it be on my lap,Unhappy
850,it be easy to turn on and off when you be in the car and the volume control be quite accessable,Happy
851,i have have mine for about year and this christmas buy some for the rest of the family,Happy
852,nice leather,Happy
853,i have to purchase different case,Unhappy
854,it be joy to use,Happy
855,very much disappoint with this company,Unhappy
856,very satisifed with that,Happy
857,it didnt charge for me,Unhappy
858,this be the phone to get for 2unhappyunhappy5 just buy my s7happyunhappya and all can say be wow,Happy
859,button be too small,Unhappy
860,just read on the spec alone make you say wow,Happy
861,love it great armband,Happy
862,i really like this product over the motorola because it be allot clear on the ear piece and the mic,Happy
863,i exchange the sony ericson z5unhappyunhappya for this and im pretty happy with that decision,Happy
864,i be very impress with the price of the case,Happy
865,also make it easy to hold on to,Happy
866,it pretty easy,Happy
867,i can not make call at certain place,Unhappy
868,beautiful style though,Happy
869,this company charge me restock fee and still not give me my refund back,Unhappy
870,im try to return it for refund,Unhappy
871,i plug it in only to find out not darn thing work,Unhappy
872,excellent product,Happy
873,earbud piece break easily,Unhappy
874,lousy product,Unhappy
875,this phone try very hard to do everything but fail at it very ability to be phone,Unhappy
876,it be the best charger have see on the market yet,Happy
877,sweet phone,Happy
878,it fit so securely that the ear hook do not even need to be use and the sound be good direct through your ear canal,Happy
879,not enough volume,Unhappy
880,echo problemvery unsatisfactory,Unhappy
881,you could only take 2 video at time and the quality be very poor,Unhappy
882,dont waste your money,Unhappy
883,i be go to have to be the first to negatively review this product,Unhappy
884,adapter do not provide enough charge current,Unhappy
885,you also can not take picture with it in the case because the lense be cover,Unhappy
886,phone fall out easily,Unhappy
887,the text message feature be really tricky to use,Unhappy
888,im really disappoint all have now be charger that doesnt work,Unhappy
889,painful on the ear,Unhappy
890,last one day and then blow up,Unhappy
891,disappoint,Unhappy
892,kind of flop around,Unhappy
893,the screen do get smudge easily because it touch your ear and face,Unhappy
894,what piece of junk lose more call on this phone,Unhappy
895,item do not match picture,Unhappy
896,the only thing that disappoint me be the infra red port irda,Unhappy
897,so there be no way for me to plug it in here in the u unless go by converter,Unhappy
898,good case,Unhappy
899,great for the jawbone,Happy
900,tie to charger for conversation last more than 45 minutesmajor problem,Unhappy
901,the mic be great,Happy
902,i have to jiggle the plug to get it to line up right to get decent volume,Unhappy
903,if you have several dozen or several hundred contact,Unhappy
904,if you be razr owneryou must have this,Happy
905,needle to say,Unhappy
906,what waste of money and time,Unhappy
907,and the sound quality be great,Happy
908,he be very impress when go from the original battery to the extend battery,Happy
909,if the two be seperated by mere 5 ft start to notice excessive static and garble sound from the headset,Unhappy
910,very good quality though,Happy
911,the design be very odd,Unhappy
912,highly recommend for any one who have blue tooth phone,Happy
913,i advise everyone do not be fool,Unhappy
914,so far so good,Happy
915,work great,Happy
916,it click into place in way that make you wonder how long that mechanism would last,Unhappy
917,i go on motorolas website and follow all direction,Unhappy
918,i buy this to use with my kindle fire and absolutely love it,Happy
919,the commercial be the most mislead,Unhappy
920,i have yet to run this new battery below two bar and thats three day without charge,Happy
921,i buy it for my mother and she have problem with the battery,Unhappy
922,great pocket pc phone combination,Happy
923,ive own this phone for 7 month now and can say that it the best mobile phone ive have,Happy
924,i didnt think that the instruction provide be helpful to me,Unhappy
925,people couldnt hear me talk and have to pull out the earphone and talk on the phone,Unhappy
926,doesnt hold charge,Unhappy
927,this be simple little phone to use,Unhappy
928,this product be ideal for people like me whose ear be very sensitive,Happy
929,it be unusable in move car at freeway speed,Unhappy
930,i have two more year leave in this contract and hate this phone,Unhappy
931,car charger a well a ac charger be include to make sure you never run out of juicehighy recommend,Happy
932,you need at least 3 min to get to your phone book from the time you first turn on the phonebattery life be short,Unhappy
933,it have keep up very well,Happy
934,poor talk time performance,Unhappy
935,the case be great and work fine with the 68unhappy,Happy
936,worthless product,Unhappy
937,it have great camera thats 2mp,Happy
938,i be not impress by this product,Unhappy
939,nice headset price right,Happy
940,i only hear garbage for audio,Unhappy
941,excellent bluetooth headset,Happy
942,it have all the feature want,Happy
943,who in their right mind be gon na buy this battery,Unhappy
944,after argue with verizon regard the drop call we return the phone after two day,Unhappy
945,this case seem well make,Happy
946,disappoint with battery,Unhappy
947,not loud enough and doesnt turn on like it should,Unhappy
948,good protection and do not make phone too bulky,Happy
949,a usable keyboard actually turn pda into realworld useful machine instead of just neat gadget,Happy
950,this phone be pretty sturdy and ive never have any large problem with it,Happy
951,i love this thing,Happy
952,everything about it be fine and reasonable for the price ie,Happy
953,very disappoint,Unhappy
954,i even drop this phone into stream and it be submerge for happy5 second and it still work great,Happy
955,i have be very happy with the 5happyunhappy and have have no complaint from any one regard my sound quality on their end,Happy
956,the button for on and off be bad,Unhappy
957,essentially you can forget microsofts tech support,Unhappy
958,these headphone be great find and think they be perhaps the best purchase ive make in the last several year seriously,Happy
959,buy different phone but not this,Unhappy
960,you have to hold the phone at particular angle for the other party to hear you clearly,Unhappy
961,the one big drawback of the mp3 player be that the button on the phone front cover that let you pause and skip song lock out after few second,Unhappy
962,it feel more comfortable than most headset because wear glass and that get in the way sometimes,Happy
963,great for ipod too,Happy
964,this device be great in several situationshappy,Happy
965,mic doesnt work,Unhappy
966,great choice,Happy
967,nice dock station for home or work,Happy
968,this be beautiful phone,Happy
969,love this product,Happy
970,do not buy for d8unhappy7wrongly advertise for d8unhappy7,Unhappy
971,this be great little item,Happy
972,i purchase this and within 2 day it be no long work,Unhappy
973,i wear it everyday and it hold up very well,Happy
974,not good bargain,Unhappy
975,the battery run down quickly,Unhappy
976,the headset be easy to use and everyone love them,Happy
977,this phone work great,Happy
978,the construction of the headset be poor,Unhappy
979,product be excellent and work good than the verizon one and boy be it cheap,Happy
980,the phone load super,Happy
981,make very sturdy,Happy
982,work great,Happy
983,the ear bud only play music in one ear,Unhappy
984,dont waste your money,Unhappy
985,will order from them again,Happy
986,if you plan to use this in car forget about it,Unhappy
987,i find this product to be waaay too big,Unhappy
988,best ive find so far ive try 2 other bluetooths and this one have the best quality for both me and the listener a well a ease of use,Happy
989,im very disappoint with my decision,Unhappy
990,integrate seamlessly with the motorola razr phone,Happy
991,buyer beware,Unhappy
992,definitely bargain,Happy
993,the price be very good and with the free ship and all it be good purchase,Happy
994,i receive my supposedly new motorola 375 and apparently there be not match between the phone and the charger,Unhappy
995,prosgood camera very nice picture,Happy
996,i love my 35unhappy headset my jabra35unhappy bluetooth headset be great,Happy
997,the camera,Unhappy
998,i purcashed this for the car charger and it do not work,Unhappy
999,sound quality on both end be excellent,Happy
1000,this phone be slim and light and the display be beautiful,Happy
1001,it little geeky but think thats it sex on toast and it rock and ooze sex right down to it battery embed sleek stylish leather case,Happy
1002,great product,Happy
1003,absolutely great,Happy
1004,the keyboard be nice compromise between full qwerty and the basic cell phone number keypad,Happy
1005,i get this phone around the end of may and im completely unhappy with it,Unhappy
1006,it be very comfortable on the ear,Happy
1007,it have be winner for u,Happy
1008,setup couldnt have be simple,Happy
1009,ive try several different earpiece for my cell phone and this jabra one be the first one ive find that fit my ear comfortably,Happy
1010,could not get strong enough signal,Unhappy
1011,iam very please with my purchase,Happy
1012,bad quality,Unhappy
1013,get the job do,Happy
1014,great audio,Happy
1015,basically the service be very bad,Unhappy
1016,it do not work in my cell phone plug be very up set with the charger,Unhappy
1017,ive only have my bluetooth for few week,Happy
1018,the bt headset be such disapoinment,Unhappy
1019,it be so small and you dont even realize that it be there after while of get use to it,Happy
1020,the accompany software be almost brilliant,Happy
1021,headset work great be package nicely to avoid any damage,Happy
1022,i definitly recommend,Happy
1023,buyerbe very careful,Unhappy
1024,the majority of the logitech earbud headset fail,Unhappy
1025,very good stuff for the price,Happy
1026,my headset work just peachykeen,Happy
1027,in my house be get drop coverage upstairs and no coverage in my basement,Unhappy
1028,voice recognition be tremendous,Happy
1029,what waste,Unhappy
1030,during several different 2 minute call,Unhappy
1031,i be not happy with this item,Unhappy
1032,very disappoint,Unhappy
1033,the phone take forever to charge like 2 to 5 hour literally,Unhappy
1034,i get this phone on reccomendation from relative and im glad do,Happy
1035,what waste of time,Unhappy
1036,it reception be very very poor,Unhappy
1037,item state a include from the description be not include,Unhappy
1038,after 3 month,Unhappy
1039,i be hop for more,Unhappy
1040,audio quality be poor,Unhappy
1041,i have absolutely no problem with this headset link to my 853unhappy blackberry curve,Happy
1042,i know that sound funny,Happy
1043,ive buy 5 wire headphone that sound good than these,Unhappy
1044,this phone be very fast with send any kind of message and web browse be significantly fast than previous phone have use,Happy
1045,nice quality build,Happy
1046,this item be fantastic and work perfectly,Happy
1047,and just love the color,Happy
1048,w8happyunhappyi be just superb,Happy
1049,all can do be whine on the internet,Unhappy
1050,great charger,Happy
1051,this be essentially communication tool that do not communicate,Unhappy
1052,work like charm,Happy
1053,i still maintain that monkey shouldnt make headphone,Unhappy
1054,great value,Happy
1055,doesnt work at all bougth it for my l7c and it not work,Unhappy
1056,the look of it be very sharp and the screen be nice and clear,Happy
1057,doesnt last long,Unhappy
1058,one thing hate be the mode set button at the side,Unhappy
1059,excellent service,Happy
1060,thank you for waste my money,Unhappy
1061,how can that bethe audio quality be poor,Unhappy
1062,the igo charger and tip be really great,Happy
1063,the file browser offer all the option that one needshandsfree be great,Happy
1064,superb phone on great network,Happy
1065,i connect my wife bluetooth,Happy
1066,i put the late o on it vhappyhappy5g,Unhappy
1067,it only recognize the phone a it storage device,Unhappy
1068,if you like loud buzz to override all your conversation,Unhappy
1069,dont buy this product,Unhappy
1070,ive have this bluetoooth headset for some time now and still not comfortable with the way it fit on the ear,Unhappy
1071,the sound quality be good and functionality be awesome,Happy
1072,i have this phone and it be thorn in my side,Unhappy
1073,i recently have problem where could not stay connect for more than happyunhappy minute before be disconnect,Unhappy
1074,incredible,Happy
1075,design flaw,Unhappy
1076,great phone,Happy
1077,waste of happy3 buck,Unhappy
1078,but when check voice mail at night,Unhappy
1079,the replacement die in few week,Unhappy
1080,any ring toneoverall good phone to buy,Happy
1081,lately they have be extremely nice and helpful on the phone,Happy
1082,i have have problem wit hit drop signal and more,Unhappy
1083,not impress,Unhappy
1084,youll love how thin it be,Happy
1085,bad choice,Unhappy
1086,the pleather case doesnt fit,Unhappy
1087,all in all think it be good investment,Happy
1088,it make very strange tick noise before it end the call,Unhappy
1089,the best electronics of the available fm transmitter,Happy
1090,battery last only few hour,Unhappy
1091,great headset,Happy
1092,the happy2 mega pixel camera,Happy
1093,ive have this for nearly 2 year and it have work great for me,Happy
1094,good transmit audio,Happy
1095,we be send it back,Unhappy
1096,i do not bother contact the company for few dollar product but learn the lesson that should not have buy this form online anyway,Unhappy
1097,if you hate earbugs,Unhappy
1098,great price also,Happy
1099,the range be very decent,Happy
1100,fast service,Happy
1101,i would highly recommend this,Happy
1102,i would recommend this,Happy
1103,i also didnt like the on button,Unhappy
1104,bad phone ever,Unhappy
1105,im still infatuate with this phone,Happy
1106,freeze frequently4,Unhappy
1107,it kind of embarrass to use because of how it look and mostly it embarrass how childlike the company be,Unhappy
1108,simple,Happy
1109,all in all,Unhappy
1110,there horrible tick sound in the background on all my call that have never experience before,Unhappy
1111,these be certainly very comfortable and functionality be decent,Happy
1112,i usually dont like headband but this one be very lightweight doesnt mess up my hair,Happy
1113,im bite disappoint,Unhappy
1114,i have have this phone for over year now,Unhappy
1115,i order this for sony ericsson w8happyunhappyi but think it only work once thats when first use it,Unhappy
1116,the battery be completely useless to me,Unhappy
1117,what big waste of time,Unhappy
1118,dont waste your on this one,Unhappy
1119,great sound and service,Happy
1120,really please with this product so far,Happy
1121,one of my favorite purchase ever,Happy
1122,best bluetooth on the market,Happy
1123,authentic leather with nice shine and comfort recommend you this case,Happy
1124,i be very excite to get this headset because think it be really cute,Happy
1125,do not make the same mistake a me,Unhappy
1126,big disappointment with calendar sync,Unhappy
1127,the phone be unusable and be not new,Unhappy
1128,bad customer service ever,Unhappy
1129,no additional ear gel provide,Unhappy
1130,it defeat the purpose of bluetooth headset,Unhappy
1131,worth every penny,Happy
1132,excellent wallet type phone case,Happy
1133,nice headphone for the price and they work great,Happy
1134,internet be excrutiatingly slow,Unhappy
1135,it be very comfortable to wear a well,Happy
1136,it fit like glove and be strong,Happy
1137,o my gosh the best phone have ever have,Happy
1138,it very attractive and appear to be of good quality,Happy
1139,i love all the feature and form factor,Happy
1140,this product have strong rubberpetroleum smell that be unbearable after while and cause me to return it,Unhappy
1141,poor quality and service,Unhappy
1142,the cable look so thin and flimsy,Unhappy
1143,great earpiece,Happy
1144,excellent hand free tool,Happy
1145,great for use with your home stereo,Happy
1146,good product incredible value,Happy
1147,only have this month but it work flawlessly so far,Happy
1148,work great,Happy
1149,absolutel junk,Unhappy
1150,that one didnt work either,Unhappy
1151,battery life be real good,Happy
1152,return 8 hour late,Unhappy
1153,it great item,Happy
1154,dont waste your money,Unhappy
1155,love this headset,Happy
1156,not only will it drain your player,Unhappy
1157,work perfectly,Happy
1158,unreliable im give up,Unhappy
1159,i give it 5 star because of the sound quality,Happy
1160,avoid this one if you can,Unhappy
1161,reversible plug work great,Happy
1162,i waste my little money with this earpiece,Unhappy
1163,very good phone,Happy
1164,best of all be the rotate feature,Happy
1165,comfort for our whole family,Happy
1166,good product,Happy
1167,i love this bluetooth,Happy
1168,first of all,Unhappy
1169,i be very impress with this headset from plantronics,Happy
1170,i get it because it be so small and adorable,Happy
1171,great phone,Happy
1172,i wouldnt recommend buy this product,Unhappy
1173,piece of junk,Unhappy
1174,poorly contstruct hinge,Unhappy
1175,this item be great,Happy
1176,great phone,Happy
1177,dont buy it,Unhappy
1178,excellent phone,Happy
1179,do not purchase this phone,Unhappy
1180,the voice recognition thru the handset be excellent,Happy
1181,this be hand down the best phone ive ever have,Happy
1182,work great,Happy
1183,this one work and be price right,Happy
1184,customer service be terrible,Unhappy
1185,battery life still not long enough in motorola razor v3i,Unhappy
1186,send it back,Unhappy
1187,now know that make wise decision,Happy
1188,someone shouldve invent this sooner,Happy
1189,good price,Happy
1190,everything work on the first trythe device be certainly engineer in clever way and the construction feel good,Happy
1191,i receive it quickly and it work great,Happy
1192,have be work great,Happy
1193,a many people complain,Unhappy
1194,my 5year old nokia 2happy6unhappy from tracfone hold the charge lot good than this,Unhappy
1195,they do not care about the consumer one bite,Unhappy
1196,this be good battery,Happy
1197,the instruction manual be lack,Unhappy
1198,also it slim enough to fit into my alarm clock dock station without remove the case,Happy
1199,phone now hold charge like it do when it be new,Happy
1200,the battery be unreliable a well a the service use antena,Unhappy
1201,it uncomfortable and the sound quality be quite poor compare with the phone razr or with my previous wire headset that plug into an lg,Unhappy
1202,we have get lot of compliment on it,Happy
1203,this be definitely must have if your state do not allow cell phone usage while drive,Happy
1204,i want my money back,Unhappy
1205,i love this device,Happy
1206,i be also very happy with the price,Happy
1207,i order this product first and be unhappy with it immediately,Unhappy
1208,the ngage be still lack in earbuds,Unhappy
1209,i be able to do voice dial in the car with no problem,Happy
1210,i have 23 bar on my cell phone when be home,Unhappy
1211,good item,Happy
1212,howeverthe riingtones be not the best,Unhappy
1213,the plug do not work very well,Unhappy
1214,amazon suck,Unhappy
1215,rip off over charge ship,Unhappy
1216,very comfortable,Happy
1217,the battery be work well a replacement for the original that come with the phone over 2 year ago,Happy
1218,the reception be excellent,Happy
1219,it fit comfortably in either ear,Happy
1220,very clear,Happy
1221,happy long last battery you dont have to recharge it a frequentyly a some of the flip phones2,Unhappy
1222,obviously there be problem with the adhesive,Unhappy
1223,very disappoint,Unhappy
1224,it be an inexpensive piece,Unhappy
1225,it be practically useless and do not add any kind of boost to my reception after buy it,Unhappy
1226,excellent sound quality,Happy
1227,be not happy,Unhappy
1228,a piece of junk that break after be on my phone for 2 day,Unhappy
1229,new battery work great in phone,Happy
1230,bad customer service,Unhappy
1231,ive drop my phone more time than can say,Happy
1232,reception be terrible and full of static,Unhappy
1233,good audio quality,Happy
1234,this little device have transform my organizational capability and make my life whole lot easy,Happy
1235,i be sit in my vehicle,Unhappy
1236,be jerk on the phone,Unhappy
1237,work like charm work a advertise,Happy
1238,comfortable,Happy
1239,their network coverage in los angeles be horrible,Unhappy
1240,excellent starter wireless headset,Unhappy
1241,the loudspeaker option be great,Unhappy
1242,the only thing that think could improve be the sound leak out from the headset,Unhappy
1243,first off the reception suck,Unhappy
1244,the phone get extremely hot,Unhappy
1245,the microphone also work well,Happy
1246,nice design and quality,Happy
1247,also,Unhappy
1248,it be light,Happy
1249,bad fit,Unhappy
1250,it definitely be not a good a my shappy,Happy
1251,awesome device,Happy
1252,waste of money,Unhappy
1253,i have order motorola data cable,Happy
1254,love this phone,Happy
1255,i be look for this headset for long time and now that ive get it couldnt be happy,Happy
1256,ill be drivng along,Unhappy
1257,display be excellent and camera be a good a any from that year,Happy
1258,battery life be also great,Happy
1259,the bad phone ive ever have only have it for few month,Unhappy
1260,not good item it work for while then start have problem in my auto reverse tape player,Unhappy
1261,this be so embarassing and also my ear hurt if try to push the ear plug into my ear,Unhappy
1262,protect the phone on all side,Happy
1263,this be very average phone with bad battery life that operate on weak network,Unhappy
1264,clear skype call,Happy
1265,soyo technology suck,Unhappy
1266,great hand free device,Happy
1267,you can even take self portrait with the outside exterior display,Happy
1268,same problem a others have mention,Unhappy
1269,after try many many handsfree gadget this be the one that finally work well,Happy
1270,magical help,Happy
1271,the bad piece of crap ever along with the verizon customer service,Unhappy
1272,poor sound quality,Unhappy
1273,the best phone in market,Happy
1274,it work very well,Happy
1275,the company ship my product very promptly and it work well,Happy
1276,exactly what want,Happy
1277,the picture resolution be far below what other comparablypriced phone be offer today,Unhappy
1278,this be great deal,Happy
1279,excellent product,Happy
1280,i highly recommend these and encourage people to give them try,Happy
1281,good than youd expect,Happy
1282,use all earpiece,Unhappy
1283,great product and price,Happy
1284,sound good reasonably price and effective,Happy
1285,still wait im sure this item would work well if ever recieve it,Unhappy
1286,what disappointment,Unhappy
1287,very prompt service,Happy
1288,excellent product for the price,Happy
1289,very please with this headset,Happy
1290,dont waste your money and time,Unhappy
1291,i especially love the long battery life,Happy
1292,it so stupid to have to keep buy new charger,Unhappy
1293,work great,Happy
1294,plantronics bluetooth excelent buy,Happy
1295,i come over from verizon because cingulair have nice cell phone the first thing notice be the really bad service,Unhappy
1296,ill be look for new earpiece,Unhappy
1297,i highly recommend this device to everyone,Happy
1298,jawbone era be awesome too,Happy
1299,we receive white color battery that go dead after couple hoursthe original use to last week but still last long than thereplacement,Unhappy
1300,after year the battery go completely dead on my headset,Unhappy
1301,i have use several phone in two year,Happy
1302,an awesome new look for fall 2unhappyunhappyunhappy,Happy
1303,this be the first phone ive have that have be so cheaply make,Unhappy
1304,att be not clear,Unhappy
1305,the plastic break really easy on this clip,Unhappy
1306,price be good too,Happy
1307,dont make the same mistake do,Unhappy
1308,oh and forget to also mention the weird color effect it have on your phone,Unhappy
1309,im use it with an iriver spinn with case and it fit fine,Happy
1310,also the area where my unit break im not too fond of the magnetic strap,Unhappy
1311,overall,Happy
1312,every thing on phone work perfectly,Happy
1313,it really easy,Happy
1314,my sanyo have survive dozen of drop on blacktop without ill effect,Happy
1315,fantastic earphone,Happy
1316,it find my cell phone right away when enter the car,Happy
1317,low quality,Unhappy
1318,i highly recommend this modest price cellular phone,Happy
1319,but it do get good reception and clarity than any phone ive have before,Happy
1320,warn stay away,Unhappy
1321,i wish could return the unit and get back my money,Unhappy
1322,awsome device work great,Happy
1323,i use to talk on it for happy happy happy2 hour and the battery would be literally drain and die,Unhappy
1324,if you dont find it,Unhappy
1325,very displease,Unhappy
1326,i might have get defect,Unhappy
1327,they make this case too small and be very difficult to install,Unhappy
1328,restore my phone to like new performance,Happy
1329,i would recommend purchase the jabra jxhappyunhappy series 2 which work flawlessly with my moto q,Happy
1330,i search the internet,Happy
1331,do not fit,Unhappy
1332,very happy with this product,Happy
1333,the screen size be big,Happy
1334,there really nothing bad can say about this headset,Unhappy
1335,im glad find this product on amazon it be hard to find,Happy
1336,portable and it work,Happy
1337,my colleague now get great receptiona little expensive,Happy
1338,i even fully charge it before go to bed and turn off blue tooth and wifi and notice that it only have 2unhappy leave in the morning,Unhappy
1339,ive also have problem with the phone read the memory card in which always turn it on and then off again,Unhappy
1340,not good when wear hat or sunglass,Unhappy
1341,timely shipment and quality product,Happy
1342,nice solid keyboard,Happy
1343,very well make and fit my surefire gx2 perfectly,Happy
1344,horrible phone,Unhappy
1345,bt5unhappy battery junk,Unhappy
1346,we would recommend these to others,Happy
1347,cant get the software to work with my computer,Unhappy
1348,disappoint,Unhappy
1349,poor voice clarity,Unhappy
1350,the battery work great,Happy
1351,no buyer remorse on this one,Unhappy
1352,very disappoint in accessoryone,Unhappy
1353,i find this inexcusable and so will probably be return this phone and perhaps change carrier,Unhappy
1354,look great and be strong,Happy
1355,i have have tmobile service for 2 or 3 year now,Happy
1356,the update procedure be difficult and cumbersome,Unhappy
1357,disappointment hate anything that go in my ear,Unhappy
1358,great software for motorolas,Happy
1359,the delivery be on time,Happy
1360,very easy to use,Happy
1361,uncomfortable in the ear,Unhappy
1362,the volume switch rocket out of the unit to destination unknown,Unhappy
1363,it hold charge for long time,Happy
1364,id like to return it,Unhappy
1365,the keyboard be really worthwhile in usefulness and be sturdy enough dont expect any problem,Happy
1366,verizons bill,Unhappy
1367,after charge overnight,Happy
1368,you wont regret it,Happy
1369,i love this phone,Happy
1370,a disappointment,Unhappy
1371,it not user friendly,Unhappy
1372,unfortunately the ability to actually know you be receive call be rather important feature and this phone be pitiful in that respect,Unhappy
1373,then exchange for the same phone,Unhappy
1374,this result in the phone be either stick at max volume or mute,Unhappy
1375,this pda rock,Happy
1376,it be super charge up for use a small hybrid palmtopcameracellphone,Happy
1377,i would definitely recommend the jabra bt25unhappyv for those who be look for comfort,Happy
1378,i have verizon 2 year ago and really like their service,Happy
1379,pretty piece of junk,Unhappy
1380,plug be the wrong size,Unhappy
1381,work a describe,Happy
1382,save your money ive have this item for happy month now,Unhappy
1383,bad purchase,Unhappy
1384,well im satisfy,Happy
1385,the bose noise cancel be amaze,Happy
1386,this battery be an excellent bargain,Happy
1387,defective crap,Unhappy
1388,i would have give no star if be able,Unhappy
1389,i wear glass and it fit fine with them,Happy
1390,the sound quality for the device be unacceptableunless you be in really quiet area,Unhappy
1391,i would not recommend this item to anyone,Unhappy
1392,the holster that arrive do not match the photo in the ad,Unhappy
1393,greatno problem at all,Happy
1394,a an early review note,Unhappy
1395,this frog phone charm be adorable and very eye catch,Happy
1396,you never know if you push it hard enough or the right number of time for the function you want or not,Unhappy
1397,the sound be clear and the people talk to on it be amaze at the quality too,Happy
1398,i get the aluminum case for my new palm vx and it work really wellit have protect my handheld perfectly so far,Happy
1399,very good product,Happy
1400,mobile phone tool be must have,Happy
1401,i be very impress with the job that motorola do on the sturdiness of this phone,Happy
1402,i receive my order well within the ship timeframe,Happy
1403,the phone be sturdy and waterproof,Happy
1404,i be not impress with this and would not recommend this item to anyone,Unhappy
1405,my only complaint be the standard sound volume be little low even when turn up to 5of 5,Unhappy
1406,thank again to amazon for have the thing need for good price,Happy
1407,i end up slide it on the edge of my pant or back pocket instead,Happy
1408,i have to go to store and buy new nokia phone which be work great,Happy
1409,work great,Happy
1410,really ugly,Unhappy
1411,horrible,Unhappy
1412,the noise shield be incrediable,Happy
1413,no real improvement,Unhappy
1414,razr battery good buy,Happy
1415,keep up the good work amazon,Happy
1416,they refuse to refund or replace,Unhappy
1417,unfortunately it easy to accidentally activate them with the gentletouch button if you accidentally touch the phone to your face while listen,Unhappy
1418,so basically throw my money out the window for nothing,Unhappy
1419,great case and price,Happy
1420,all it take be one drop from about 6 inch above the kitchen counter and it be crackedi be not impress and be not laugh,Unhappy
1421,bluetooth range be good few day ago leave my phone in the trunk,Happy
1422,small,Happy
1423,the eargels channel the sound directly into your ear and seem to increase the sound volume and clarity,Happy
1424,none of the new one have ever quite work properly,Unhappy
1425,i be glad purchase it,Happy
1426,ive miss numerous call because of this reason,Unhappy
1427,perhaps my phone be defective,Unhappy
1428,dont buy this product,Unhappy
1429,suck,Unhappy
1430,no shift,Happy
1431,bad software ever use if could give this zero star would,Unhappy
1432,try to make call on these be an exercise in frustration,Unhappy
1433,the case be flimsy piece of plastic and have no front or side protection whatsoever,Unhappy
1434,i own jabra earset and be very happy with it,Happy
1435,i love the camera,Happy
1436,thank you for such great service,Happy
1437,it total package,Happy
1438,the seller be very understand and patient,Happy
1439,i give wirefly happy stari will contact cingularatt,Unhappy
1440,it aggravate,Unhappy
1441,great product for the price,Happy
1442,i have purchase these for both family and friend,Happy
1443,virgin wireless rock and so do this cheap little phone,Happy
1444,none of it work,Unhappy
1445,muddy,Happy
1446,please dont waste your money,Unhappy
1447,all in all,Happy
1448,if you be look for good quality motorola headset keep look,Unhappy
1449,yet plantronincs continue to use the same flaw charger design,Unhappy
1450,disapointing result,Unhappy
1451,cumbersome design,Unhappy
1452,great it be new package nice work good,Happy
1453,great product,Happy
1454,it piece of crap,Unhappy
1455,my experience be terrible this be my fourth bluetooth headset,Unhappy
1456,this fix all the problem,Happy
1457,bad ever,Unhappy
1458,i be very happy,Happy
1459,ive have no trouble access the internet,Happy
1460,i can barely ever hear on it and be constantly say what,Unhappy
1461,the battery life be highly unacceptable,Unhappy
1462,that company be joke,Unhappy
1463,it do everything the description say it would,Happy
1464,due to this happen on every call be force to stop use this headset,Unhappy
1465,it work great with car charger,Happy
1466,verizon tech support walk my through few procedure,Unhappy
1467,voice quality,Unhappy
1468,it play loud than any other speaker of this size,Happy
1469,good than expect,Happy
1470,it feel poorly construct,Unhappy
1471,battery be hold up well,Happy
1472,also difficult to put onid recommend avoid this product,Unhappy
1473,i only use it two day,Unhappy
1474,i get the car charger and not even after week the charger be brokeni go to plug it in and it start smoke,Unhappy
1475,sprint terrible customer service,Unhappy
1476,link to my phone without effort,Happy
1477,they be so cool,Happy
1478,easy to use,Happy
1479,good than new,Happy
1480,what possesed me to get this junk,Unhappy
1481,piece of trash,Unhappy
1482,a pretty good product,Happy
1483,this be great phone,Happy
1484,for the price on amazon,Happy
1485,their research and development division obviously know what theyre do,Happy
1486,the real killer be the volume,Unhappy
1487,those phone be work just fine now,Happy
1488,i be more than happy with this product,Happy
1489,poor construction,Unhappy
1490,this be infuriate,Unhappy
1491,overall,Happy
1492,sprint charge for this service,Unhappy
1493,it be cheap,Unhappy
1494,it fit my ear well and be comfortable on,Happy
1495,it doesnt work in europe or asia,Unhappy
1496,clip this to your belt will deffinitely make you feel like 5unhappy cent upandcoming,Happy
1497,i like design and look of jabra behing the ear headset and 5unhappy2unhappy be pretty comfortible to wear 24 hour day without pain in the ear,Happy
1498,i be amaze at the quick arrival of the two original lg cell phone battery and and at fraction of the price,Happy
1499,the bad phone from samsungcrap this crappy samsung e7happy5 be the bad have ever seeen,Unhappy
1500,the charger work for about week and then completely stop charge my phone,Unhappy
1501,poor product,Unhappy
1502,however need some good instruction,Unhappy
1503,you need two hand to operate the screenthis software interface be decade old and can not compete with new software design,Unhappy
1504,work very well pair with treo 7unhappyunhappyw and a skype headset on my pc use usb bluetooth transceiver,Happy
1505,steer clear of this product and go with the genuine palm replacementr pen,Unhappy
1506,do not buy do not buyit suck,Unhappy
1507,this be great product sure beat use your finger,Happy
1508,plus,Unhappy
1509,all the other case ive try normally fall apart after few month but this one seem to be in for the long haul,Happy
1510,very dissapointing performance,Unhappy
1511,dont make the same mistake that do and please dont buy this phone,Unhappy
1512,this phone might well be the bad ive ever have in any brand,Unhappy
1513,case be more or le an extra that originally put on but late discard because it scratch my ear,Unhappy
1514,i recommend igo to anyone with different brand cell phonesmp3 player in the family,Happy
1515,dont bother go to the store,Unhappy
1516,i do not have any problem with this item and would order it again if need,Happy
1517,you get what you pay for guess,Unhappy
1518,im surprise this be good quality car charger and there not much review about it,Happy
1519,these be fabulous,Happy
1520,i use bitpim free program you can find on the internetto transfer data to the phonethe price of the cable be excellent,Happy
1521,disappoint accessory from good manufacturer,Unhappy
1522,very windresistant,Happy
1523,linksys should have some way to exchange bad phone for refurb unit or something,Unhappy
1524,phone be sturdy a all nokia bar phone be,Happy
1525,great phone,Happy
1526,im please,Happy
1527,battery be terrible,Unhappy
1528,i find the product to be easy to set up and use,Happy
1529,the earpiece on this be too large or too heavyit keep fall out of my ear,Unhappy
1530,utter crap sound quality be terrible,Unhappy
1531,talk about useless customer service,Unhappy
1532,it felt too light and tinny,Unhappy
1533,this do not fit the palm tungsten e2 and it break the first time try to plug it in,Unhappy
1534,im happy about this purchase good quality and low price,Happy
1535,i love the look and feel of samsung flipphones,Happy
1536,it welldesigned and very sharp the blue be very nice color,Happy
1537,do everything it should and more,Happy
1538,i could not recommend these more,Unhappy
1539,nice sound,Happy
1540,much le than the jawbone be go to replace it with,Happy
1541,setup go very smoothly,Happy
1542,it extremely slow and take forever to do anything with it,Unhappy
1543,a must study for anyone interest in the bad sin of industrial design,Unhappy
1544,the first thing that happen be that the track be off,Unhappy
1545,then have to continue pair it periodically since it somehow keep drop,Unhappy
1546,cant upload ringtones from third party,Unhappy
1547,truly awful,Unhappy
1548,the volume for the ringer be real good you have choice how loud,Happy
1549,and none of the tone be acceptable,Unhappy
1550,camera color balance be awful,Unhappy
1551,i love the ringtones because they be so upbeat,Happy
1552,chinese forgery abound,Unhappy
1553,easy to pair with my samsung cell,Happy
1554,the instruction didnt explain that microphone jack could be use,Unhappy
1555,i would advise to not purchase this item it never work very well,Unhappy
1556,too bad you have to pay up to month for the service,Unhappy
1557,work well,Happy
1558,the nokia ca42 usb cable do not work with my phone,Unhappy
1559,clear crisp sound,Happy
1560,the design might be ergonomic in theory but could not stand have these in my ear,Unhappy
1561,do not buy if you want to use the holster,Unhappy
1562,the phone can also take great picture and even video clip,Happy
1563,it doesnt make you look cool,Unhappy
1564,you cant beat the price on these,Happy
1565,lightweight and work well,Happy
1566,so just beware,Unhappy
1567,i love this cable it allow me to connect any miniusb device to my pc,Happy
1568,so anyone near you will hear part of your conversation,Unhappy
1569,this be cool because most case be just open there allow the screen to get all scratch up,Happy
1570,i buy this phone a replacement for my startac and have regret it since,Unhappy
1571,appear to actually outperform the original battery from china that come with my v325i,Happy
1572,cant store anything but phone number to sim,Unhappy
1573,poor quality,Unhappy
1574,jabra ear gel the best,Happy
1575,not worth it,Unhappy
1576,the phone crash completely and now have to get it replace,Unhappy
1577,it be great phone,Happy
1578,if you simply want small flip phone look elsewhere a the extra bell whistle be mediocre,Unhappy
1579,my phone doesnt slide around my car now and the grip prevent my phone from slip out of my hand,Happy
1580,this be simply the best bluetooth headset for sound quality,Happy
1581,think it over when you plan to own this onethis sure be the last moto phone for me,Unhappy
1582,i have always use cord headset and the freedom from the wireless be very helpful,Happy
1583,it have everything need and couldnt ask for more,Happy
1584,after receive and use the product for just 2 day it break,Unhappy
1585,this product be great it make work lot easy can go to the copier while wait on hold for something,Happy
1586,none of the three size they send with the headset would stay in my ear,Unhappy
1587,tmobile have the best customer service anywhere,Happy
1588,arrive quickly and much le expensive than others be sell,Happy
1589,we have try 2 unit and they both fail within 2 month pro,Unhappy
1590,krussel always good,Happy
1591,the design be very good4,Happy
1592,i great reception all the time,Happy
1593,i would highly recommend this product,Happy
1594,it dit not work most of the time with my nokia 532unhappy,Unhappy
1595,fantastic buy and will get again for whatever my next phone be,Happy
1596,this blueant supertooth handsfree phone speaker be awesome,Happy
1597,do not fit,Unhappy
1598,item arrive quickly and work great with my metro pc samsung schr45unhappy slider phone and sony premium sound in ear plug,Happy
1599,disappoint,Unhappy
1600,blue ant be easy to use,Happy
1601,cheap but hey it work be pleasantly suprised give the low cost of this item,Happy
1602,the camera on the phone may be use a dustpan when indoors id rather be use disposable then this,Unhappy
1603,then few day late the puff of smoke come out of the phone while in use,Unhappy
1604,it very convenient and simple to use get job do make the car ride so much smooth,Happy
1605,the nano state itmy son be dissapointed,Unhappy
1606,the sound quality be excellent a well,Happy
1607,it the best headset have use,Happy
1608,would not reccommend,Unhappy
1609,they have be around for year and carry the high quality of antiglare screen protector that have find to date,Happy
1610,just what want,Happy
1611,this particular model would not work with my motorola smartphone,Unhappy
1612,wont work right or atleast for me,Unhappy
1613,but now that it be out of warranty the same problem reoccurebottom line put your money somewhere else cingular will not support it,Unhappy
1614,great product,Happy
1615,crisp and clear,Happy
1616,after the first charge keep go dead after happy2 minute,Unhappy
1617,the reception have be generally good,Happy
1618,great bluetooth,Happy
1619,i highly recommend this case,Happy
1620,worthwhile,Happy
1621,this be great deal,Happy
1622,i be sorry make this purchase,Unhappy
1623,i buy these hop could make my bluetooth headset fit good but these thing make it impossible to wear,Unhappy
1624,treo and tmobile refuse to replace it again and force me to buy another phone without any kind of upgrade discount,Unhappy
1625,it be horrible,Unhappy
1626,i dont think it would hold it too securly on your belt,Unhappy
1627,this allow the possibility of double book for the same date and time after the first,Unhappy
1628,they work about 2 week then break,Unhappy
1629,it be simple to use and like it,Happy
1630,i cant use this case because the smell be disgust,Unhappy
1631,not what want,Unhappy
1632,i own 2 of these case and would order another,Happy
1633,great phone,Happy
1634,i buy this battery with coupon from amazon and im very happy with my purchase,Happy
1635,perfect for the ps3,Happy
1636,a good quality bargain buy this after buy cheapy from big lot that sound awful and people on the other end couldnt hear me,Happy
1637,5unhappy down the drain,Unhappy
1638,i try talk real loud but shout on the telephone get old and be still tell it wasnt great,Unhappy
1639,for the price this be great deal,Happy
1640,yes it shiny on front side and love it,Happy
1641,do not work,Unhappy
1642,the reception through this headset be excellent,Happy
1643,2 thumb up to this seller,Happy
1644,improper description have to return it,Unhappy
1645,happy it work 2 it be comfortable,Happy
1646,battery chargelife be quite long,Happy
1647,the jabra eargels fit my ear very well,Happy
1648,battery have no life,Unhappy
1649,i check everywhere and there be no feature for it which be really disappoint,Unhappy
1650,product be exactly a describe,Happy
1651,get signal when other verizon phone wont,Happy
1652,doesnt do the job,Unhappy
1653,i would recommend it,Happy
1654,plan on order from them again and again,Happy
1655,i have be very satisfy with this cell phone from day one,Happy
1656,they keep get good and good this be my third one and ive have numerous palm too,Happy
1657,awkward to use and unreliable,Unhappy
1658,the ship time be also very quick,Happy
1659,not a good a have hop,Unhappy
1660,good case,Happy
1661,doesnt work,Unhappy
1662,really good product,Happy
1663,unfortunately it do not work,Unhappy
1664,all three break within two month of use,Unhappy
1665,dont buy it,Unhappy
1666,i dont like this nokia either,Unhappy
1667,i have buy this nokia cell phone few week ago and it be nightmare,Unhappy
1668,it would take too long to describe how bad my customer service experience have be with amazon,Unhappy
1669,the only very disappoint thing be there be no speakerphone,Unhappy
1670,terrible my car will not accept this cassette,Unhappy
1671,it not what it say it be,Unhappy
1672,stay away from the q,Unhappy
1673,use and dirty,Unhappy
1674,very unreliable service from tmobile,Unhappy
1675,not good enough for the price,Unhappy
1676,i buy two of them and neither will charge,Unhappy
1677,it look very nice,Happy
1678,i have read others review here but havent have any problem with it,Happy
1679,these product cover up the important light sensor above the ear outlet,Unhappy
1680,comfortable in my hand,Happy
1681,just do not work,Unhappy
1682,poor reliability,Unhappy
1683,it work,Happy
1684,last time buy from you,Unhappy
1685,it be waste of my money,Unhappy
1686,so far it have work like charm,Happy
1687,would recommend this item,Happy
1688,the item receive be counterfeit,Unhappy
1689,work fine,Happy
1690,i receive my headset in good time and be happy with it,Happy
1691,i be very please to see that could replace my well travled swivel holster for my blackberry flip,Happy
1692,my sister have one also and she love it,Happy
1693,good quality,Happy
1694,this be by far the bad purchase ive make on amazon,Unhappy
1695,excellent dualpurpose headset,Happy
1696,excellent,Happy
1697,do not work for listen to music with the cingular 8happy25,Unhappy
1698,have trouble with volume,Unhappy
1699,the only good thing be that it fit comfortably on small ear,Happy
1700,warn do not buy,Unhappy
1701,best headset ever,Happy
1702,dont trust their website and dont expect any helpful support,Unhappy
1703,it be that loudglad to say that the plantronics 5happyunhappy maintain flawless connection to my cell and with no static during normal use,Happy
1704,the speaker be of low quality so a make the ring tone sound very cheap,Unhappy
1705,excellent product for the price,Happy
1706,bad reception,Unhappy
1707,this product be very high quality chinese crap,Unhappy
1708,it be quite comfortable in the ear,Happy
1709,great phone,Happy
1710,dont buy this product it fail,Unhappy
1711,everything about this product be wrongfirst,Unhappy
1712,the pair of the two device be so easy it barely take couple minute before start make call with the voice dial feature,Happy
1713,terrible phone holder,Unhappy
1714,the cutout and button be place perfectly,Happy
1715,i love be able to use one headset for both by landline and cell,Happy
1716,problem be that the ear loop be make of weak material and break easily,Unhappy
1717,not nearly a good look a the amazon picture make it look,Unhappy
1718,how stupid be that,Unhappy
1719,seller ship quickly and much cheap than the competitor,Happy
1720,so buy about happyunhappy of these and save alot of money,Happy
1721,it always cut out and make beep beep beep sound then say signal fail,Unhappy
1722,couldnt figure it out,Unhappy
1723,so have to take the battery out of the phone put it all back together and then restart it,Unhappy
1724,leopard print be wonderfully wild,Happy
1725,work for me,Happy
1726,much good than the hard plastic case,Happy
1727,it also have new problem,Unhappy
1728,happy so far,Happy
1729,cool phone,Happy
1730,work good,Happy
1731,motorola finally get the voice quality of bluetooth headset right,Happy
1732,it loose connection to the phone even when it be within couple foot between the two,Unhappy
1733,make it easy to keep up with my bluetooth when im not wear it,Unhappy
1734,a say abovepretty useless,Unhappy
1735,never get it,Unhappy
1736,this pair of headphone be the bad that have ever have soundwise,Unhappy
1737,down the drain because of weak snap,Unhappy
1738,do not charge the cingular att 8525 phone,Unhappy
1739,you get extra minute so that you can carry out the call and not get cut off,Happy
1740,i keep catch the cable on the seat and have to pull the phone out to turn it on an off,Unhappy
1741,the headset fulfill my requirement so be happy with my purchase,Happy
1742,logitech bluetooth headset be happyunhappy,Happy
1743,a lot of website have be rat this very good phone and so do i,Happy
1744,i have try these cable with my computer and my ipod and it work just fine,Happy
1745,im return them,Unhappy
1746,i do not maintain connection with the computer while it be on my lap,Unhappy
1747,it be easy to turn on and off when you be in the car and the volume control be quite accessable,Happy
1748,i have have mine for about year and this christmas buy some for the rest of the family,Happy
1749,nice leather,Happy
1750,i have to purchase different case,Unhappy
1751,it be joy to use,Happy
1752,very much disappoint with this company,Unhappy
1753,very satisifed with that,Happy
1754,it didnt charge for me,Unhappy
1755,this be the phone to get for 2unhappyunhappy5 just buy my s7happyunhappya and all can say be wow,Happy
1756,button be too small,Unhappy
1757,just read on the spec alone make you say wow,Happy
1758,love it great armband,Happy
1759,i really like this product over the motorola because it be allot clear on the ear piece and the mic,Happy
1760,i exchange the sony ericson z5unhappyunhappya for this and im pretty happy with that decision,Happy
1761,i be very impress with the price of the case,Happy
1762,also make it easy to hold on to,Happy
1763,it pretty easy,Happy
1764,i can not make call at certain place,Unhappy
1765,beautiful style though,Happy
1766,this company charge me restock fee and still not give me my refund back,Unhappy
1767,im try to return it for refund,Unhappy
1768,i plug it in only to find out not darn thing work,Unhappy
1769,excellent product,Happy
1770,earbud piece break easily,Unhappy
1771,lousy product,Unhappy
1772,this phone try very hard to do everything but fail at it very ability to be phone,Unhappy
1773,it be the best charger have see on the market yet,Happy
1774,sweet phone,Happy
1775,it fit so securely that the ear hook do not even need to be use and the sound be good direct through your ear canal,Happy
1776,not enough volume,Unhappy
1777,echo problemvery unsatisfactory,Unhappy
1778,you could only take 2 video at time and the quality be very poor,Unhappy
1779,dont waste your money,Unhappy
1780,i be go to have to be the first to negatively review this product,Unhappy
1781,adapter do not provide enough charge current,Unhappy
1782,you also can not take picture with it in the case because the lense be cover,Unhappy
1783,phone fall out easily,Unhappy
1784,the text message feature be really tricky to use,Unhappy
1785,im really disappoint all have now be charger that doesnt work,Unhappy
1786,painful on the ear,Unhappy
1787,last one day and then blow up,Unhappy
1788,disappoint,Unhappy
1789,kind of flop around,Unhappy
1790,the screen do get smudge easily because it touch your ear and face,Unhappy
1791,what piece of junk lose more call on this phone,Unhappy
1792,item do not match picture,Unhappy
1793,the only thing that disappoint me be the infra red port irda,Unhappy
